song_name,duration
1.mp3,319
10.mp3,2984
11.mp3,398
12.mp3,315
13.mp3,482
14.mp3,602
15.mp3,174
16.mp3,619
17.mp3,230
18.mp3,209
19.mp3,132
2.mp3,339
20.mp3,365
21.mp3,93
22.mp3,316
23.mp3,316
24.mp3,248
25.mp3,268
26.mp3,2750
27.mp3,197
28.mp3,317
29.mp3,310
3.mp3,337
30.mp3,199
31.mp3,205
32.mp3,271
33.mp3,323
34.mp3,182
35.mp3,221
36.mp3,424
37.mp3,336
38.mp3,551
39.mp3,222
4.mp3,227
40.mp3,207
41.mp3,149
42.mp3,656
43.mp3,338
44.mp3,994
45.mp3,179
46.mp3,633
47.mp3,631
48.mp3,268
49.mp3,275
5.mp3,239
50.mp3,269
51.mp3,2546
52.mp3,208
53.mp3,252
54.mp3,327
55.mp3,696
56.mp3,368
57.mp3,364
58.mp3,220
59.mp3,88
6.mp3,601
60.mp3,258
61.mp3,435
62.mp3,170
63.mp3,321
64.mp3,235
65.mp3,246
66.mp3,493
67.mp3,426
68.mp3,146
69.mp3,257
7.mp3,93
70.mp3,122
71.mp3,451
72.mp3,192
73.mp3,603
74.mp3,603
75.mp3,600
8.mp3,161
9.mp3,198
